Fructose,HMF,Levulinic Acid,Formic Acid
0.454380215,0.446238763,0.456250302,0.453929862